{
  "@context": "http://schema.org",
  "@type": "Movie",
  "name": "Wonder Woman 1984",
  "contentRating": "PG-13",
  "dateModified": "2021-06-10T21:02:19-07:00",
  "dateCreated": "2017-09-13T08:24:15-07:00",
  "url": "https://www.rottentomatoes.com/m/wonder_woman_1984",
  "datePublished": null,
  "productionCompany": {
    "@type": "Organization",
    "name": "Warner Bros. Pictures"
  },
  "aggregateRating": {
    "@type": "AggregateRating",
    "name": "Tomatometer",
    "description": "The Tomatometer rating – based on the published opinions of hundreds of film and television critics – is a trusted measurement of movie and TV programming quality for millions of moviegoers. It represents the percentage of professional critic reviews that are positive for a given film or television show.",
    "bestRating": "100",
    "worstRating": "0",
    "ratingValue": "59",
    "reviewCount": "427",
    "ratingCount": "427"
  },
  "review": [
    {
      "@type": "Review",
      "reviewBody": "Wonder Woman 1984 is a technicolor, lighthearted romp through the era of Jazzercise, big hair, and even bigger shoulder pads.",
      "url": "https://www.chicagoreader.com/chicago/wonder-woman-1984/Film?oid=85354160",
      "dateCreated": "2021-02-01T04:29:30-08:00",
      "author": {
        "@type": "Person",
        "url": "https://www.rottentomatoes.com/critic/sheri-flanders",
        "name": "Sheri Flanders"
      },
      "reviewRating": {
        "@type": "Rating",
        "bestRating": "1",
        "worstRating": "-1",
        "ratingValue": 1
      },
      "publisher": {
        "@type": "Organization",
        "name": "Chicago Reader",
        "url": "https://www.rottentomatoes.com/source-66"
      }
    },
    {
      "@type": "Review",
      "reviewBody": " A serviceable sequel, elevated by its radiant leading lady and an over-the-top villain.",
      "url": "https://www.newsday.com/entertainment/movies/wonder-woman-1984-review-1.50099436",
      "dateCreated": "2021-01-04T04:59:29-08:00",
      "author": {
        "@type": "Person",
        "url": "https://www.rottentomatoes.com/critic/rafer-guzman",
        "name": "Rafer Guzman"
      },
      "reviewRating": {
        "@type": "Rating",
        "bestRating": "1",
        "worstRating": "-1",
        "ratingValue": 1
      },
      "publisher": {
        "@type": "Organization",
        "name": "Newsday",
        "url": "https://www.rottentomatoes.com/source-338"
      }
    },
    {
      "@type": "Review",
      "reviewBody": "Very sweet and very fun. I think some of the stunts are a little bit dumb, but I had a lot of watching this.",
      "url": "https://www.scpr.org/programs/filmweek/2020/12/23/66369/filmweek-wonder-woman-1984-soul-promising-young-wo/",
      "dateCreated": "2021-01-04T03:37:14-08:00",
      "author": {
        "@type": "Person",
        "url": "https://www.rottentomatoes.com/critic/amy-nicholson",
        "name": "Amy Nicholson"
      },
      "reviewRating": {
        "@type": "Rating",
        "bestRating": "1",
        "worstRating": "-1",
        "ratingValue": 1
      },
      "publisher": {
        "@type": "Organization",
        "name": "FilmWeek (KPCC - NPR Los Angeles)",
        "url": "https://www.rottentomatoes.com/source-3509"
      }
    },
    {
      "@type": "Review",
      "reviewBody": "I assume there will be a sequel to this sequel. If so, no complaint from me, especially if Wiig and Pascal are in it. ",
      "url": "https://www.theaustralian.com.au/arts/review/wonder-woman-a-superhero-for-these-unpredictable-times/news-story/07c2cdcdf7699c36c2fa44d8e003acb8",
      "dateCreated": "2020-12-29T12:09:48-08:00",
      "author": {
        "@type": "Person",
        "url": "https://www.rottentomatoes.com/critic/stephen-romei",
        "name": "Stephen Romei"
      },
      "reviewRating": {
        "@type": "Rating",
        "bestRating": "1",
        "worstRating": "-1",
        "ratingValue": 1
      },
      "publisher": {
        "@type": "Organization",
        "name": "The Australian",
        "url": "https://www.rottentomatoes.com/source-1964"
      }
    },
    {
      "@type": "Review",
      "reviewBody": "Gadot as Wonder Woman -- or Diana Prince, as she's more commonly known -- may be the single best piece of casting in a superhero role since Christopher Reeve first donned the cape and spandex of the Man of Steel.",
      "url": "https://www.theage.com.au/culture/movies/wonder-woman-1984-gal-gadot-soars-in-a-plot-that-doesn-t-aim-high-20201216-p56o4z.html",
      "dateCreated": "2020-12-28T07:49:06-08:00",
      "author": {
        "@type": "Person",
        "url": "https://www.rottentomatoes.com/critic/jake-wilson",
        "name": "Jake Wilson"
      },
      "reviewRating": {
        "@type": "Rating",
        "bestRating": "1",
        "worstRating": "-1",
        "ratingValue": 1
      },
      "publisher": {
        "@type": "Organization",
        "name": "The Age (Australia)",
        "url": "https://www.rottentomatoes.com/source-2041"
      }
    },
    {
      "@type": "Review",
      "reviewBody": "It's a refreshingly silly and airy adventure focused on the emotions of one character, Wonder Woman (played by Gal Gadot), and a charming end to a tiring year of cinema.",
      "url": "https://www.theatlantic.com/culture/archive/2020/12/wonder-woman-1984-movie-review/617470/",
      "dateCreated": "2020-12-28T07:45:33-08:00",
      "author": {
        "@type": "Person",
        "url": "https://www.rottentomatoes.com/critic/david-sims",
        "name": "David Sims"
      },
      "reviewRating": {
        "@type": "Rating",
        "bestRating": "1",
        "worstRating": "-1",
        "ratingValue": 1
      },
      "publisher": {
        "@type": "Organization",
        "name": "The Atlantic",
        "url": "https://www.rottentomatoes.com/source-24"
      }
    },
    {
      "@type": "Review",
      "reviewBody": "[Despite flaws] ...there's a welcome earnestness here, a hokey simplicity of sentiment reminiscent of the original Richard Donner/Richard Lester Superman films.",
      "url": "https://inreviewonline.com/wonder-woman-1984/",
      "dateCreated": "2021-06-05T05:56:47-07:00",
      "author": {
        "@type": "Person",
        "url": "https://www.rottentomatoes.com/critic/matt-lynch",
        "name": "Matt Lynch"
      },
      "reviewRating": {
        "@type": "Rating",
        "bestRating": "1",
        "worstRating": "-1",
        "ratingValue": 1
      },
      "publisher": {
        "@type": "Organization",
        "name": "In Review Online",
        "url": "https://www.rottentomatoes.com/source-1503"
      }
    },
    {
      "@type": "Review",
      "reviewBody": "It's a fun movie, and it's got a lot of fun action in it. If you can get past the goofiness, it works.",
      "url": "http://www.fatguysatthemovies.com/episode-728-lizard-vs-ape/",
      "dateCreated": "2021-04-03T14:11:59-07:00",
      "author": {
        "@type": "Person",
        "url": "https://www.rottentomatoes.com/critic/kevin-carr",
        "name": "Kevin Carr"
      },
      "reviewRating": {
        "@type": "Rating",
        "bestRating": "1",
        "worstRating": "-1",
        "ratingValue": 1
      },
      "publisher": {
        "@type": "Organization",
        "name": "Fat Guys at the Movies",
        "url": "https://www.rottentomatoes.com/source-2722"
      }
    },
    {
      "@type": "Review",
      "reviewBody": "Where too many directors of these types of films use their visual effects budget to imagine new levels of destruction, Jenkins would rather show us the novel beauty of an invisible jet soaring through a sky full of fireworks.",
      "url": "https://battleshippretension.com/wonder-woman-1984-go-ahead-and-jump-by-david-bax/",
      "dateCreated": "2021-03-23T10:02:10-07:00",
      "author": {
        "@type": "Person",
        "url": "https://www.rottentomatoes.com/critic/david-bax",
        "name": "David Bax"
      },
      "reviewRating": {
        "@type": "Rating",
        "bestRating": "1",
        "worstRating": "-1",
        "ratingValue": 1
      },
      "publisher": {
        "@type": "Organization",
        "name": "Battleship Pretension",
        "url": "https://www.rottentomatoes.com/source-3090"
      }
    },
    {
      "@type": "Review",
      "reviewBody": "With its message of kindness and empathy, \"Wonder Woman 1984\" offers a soothing balm in a pandemic-weary year, even if getting there is a muddled journey.",
      "url": "https://intheirownleague.com/2020/12/29/review-wonder-woman-1984/",
      "dateCreated": "2021-03-20T08:54:50-07:00",
      "author": {
        "@type": "Person",
        "url": "https://www.rottentomatoes.com/critic/valerie-kalfrin",
        "name": "Valerie Kalfrin"
      },
      "reviewRating": {
        "@type": "Rating",
        "bestRating": "1",
        "worstRating": "-1",
        "ratingValue": 1
      },
      "publisher": {
        "@type": "Organization",
        "name": "Their Own League",
        "url": "https://www.rottentomatoes.com/source-3607"
      }
    },
    {
      "@type": "Review",
      "reviewBody": "There were just such gross failures of filmmaking...",
      "url": "https://youtu.be/75nDMuZMfLs",
      "dateCreated": "2021-03-11T06:02:25-08:00",
      "author": {
        "@type": "Person",
        "url": "https://www.rottentomatoes.com/critic/andrew-galdi",
        "name": "Andrew Galdi"
      },
      "reviewRating": {
        "@type": "Rating",
        "bestRating": "1",
        "worstRating": "-1",
        "ratingValue": -1
      },
      "publisher": {
        "@type": "Organization",
        "name": "Movie Bitches",
        "url": "https://www.rottentomatoes.com/source-3639"
      }
    },
    {
      "@type": "Review",
      "reviewBody": "At least \"Justice League\" had at the decency to be short",
      "url": "https://youtu.be/75nDMuZMfLs",
      "dateCreated": "2021-03-11T05:51:39-08:00",
      "author": {
        "@type": "Person",
        "url": "https://www.rottentomatoes.com/critic/avaryl-halley",
        "name": "Avaryl Halley"
      },
      "reviewRating": {
        "@type": "Rating",
        "bestRating": "1",
        "worstRating": "-1",
        "ratingValue": -1
      },
      "publisher": {
        "@type": "Organization",
        "name": "Movie Bitches",
        "url": "https://www.rottentomatoes.com/source-3639"
      }
    },
    {
      "@type": "Review",
      "reviewBody": "Gadot is so skilled at bringing vulnerability to her battles - whether it's a physical fight with Maxwell Lord or an internal struggle about giving up the one thing she's ever desired. She embodies a true superhero, one who is inclusive and noble. ",
      "url": "https://www.sandiegouniontribune.com/entertainment/movies/story/2020-12-24/wonder-woman-1984",
      "dateCreated": "2021-03-01T08:14:02-08:00",
      "author": {
        "@type": "Person",
        "url": "https://www.rottentomatoes.com/critic/nina-garin",
        "name": "Nina Garin"
      },
      "reviewRating": {
        "@type": "Rating",
        "bestRating": "1",
        "worstRating": "-1",
        "ratingValue": 1
      },
      "publisher": {
        "@type": "Organization",
        "name": "San Diego Union-Tribune",
        "url": "https://www.rottentomatoes.com/source-503"
      }
    },
    {
      "@type": "Review",
      "reviewBody": "It is even more absurd than the first one that grossly distorted history. Gal Gadot's delivery makes Tony Curtis', \"Yonda Lies Da Castle of My Fodda,\" seem Shakespearean.",
      "url": "http://www.tonymedley.com/2020/Wonder_Woman_1984.htm",
      "dateCreated": "2021-02-22T06:02:11-08:00",
      "author": {
        "@type": "Person",
        "url": "https://www.rottentomatoes.com/critic/tony-medley",
        "name": "Tony Medley"
      },
      "reviewRating": {
        "@type": "Rating",
        "bestRating": "1",
        "worstRating": "-1",
        "ratingValue": -1
      },
      "publisher": {
        "@type": "Organization",
        "name": "The Larchmont Chronicle",
        "url": "https://www.rottentomatoes.com/source-2992"
      }
    },
    {
      "@type": "Review",
      "reviewBody": "Wonder Woman 1984 doesn't spin the most complicated story, but it's so repetitive and meandering across its 151-minute running time that it's needlessly bulky, muddled and weighed down.",
      "url": "https://concreteplayground.com/sydney/event/wonder-woman-1984",
      "dateCreated": "2021-02-21T08:36:54-08:00",
      "author": {
        "@type": "Person",
        "url": "https://www.rottentomatoes.com/critic/sarah-ward",
        "name": "Sarah Ward"
      },
      "reviewRating": {
        "@type": "Rating",
        "bestRating": "1",
        "worstRating": "-1",
        "ratingValue": -1
      },
      "publisher": {
        "@type": "Organization",
        "name": "Concrete Playground",
        "url": "https://www.rottentomatoes.com/source-2298"
      }
    },
    {
      "@type": "Review",
      "reviewBody": "Feels like this would be better suited for an episode of TV than a 2.5 hour film.",
      "url": "https://untitledmoviepodcast.com/reviews/2020/12/27/wonder-woman-1984",
      "dateCreated": "2021-02-17T02:36:51-08:00",
      "author": {
        "@type": "Person",
        "url": "https://www.rottentomatoes.com/critic/eric-marchen",
        "name": "Eric Marchen"
      },
      "reviewRating": {
        "@type": "Rating",
        "bestRating": "1",
        "worstRating": "-1",
        "ratingValue": -1
      },
      "publisher": {
        "@type": "Organization",
        "name": "Untitled Movie Podcast",
        "url": "https://www.rottentomatoes.com/source-3831"
      }
    },
    {
      "@type": "Review",
      "reviewBody": "There are plenty of good times to be had as we pick back up with Gal Gadot's Wonder Woman/Diana Prince six-plus decades after the World War I-set first tale.",
      "url": "https://www.news-herald.com/entertainment/movie-reviews/wonder-woman-1984-overdoes-it-but-what-made-first-movie-successful-alive-and-well-in/article_a0eed67e-453e-11eb-9aae-8774f60e37ce.html",
      "dateCreated": "2021-02-13T23:57:56-08:00",
      "author": {
        "@type": "Person",
        "url": "https://www.rottentomatoes.com/critic/mark-meszoros",
        "name": "Mark Meszoros"
      },
      "reviewRating": {
        "@type": "Rating",
        "bestRating": "1",
        "worstRating": "-1",
        "ratingValue": 1
      },
      "publisher": {
        "@type": "Organization",
        "name": "The News-Herald (Willoughby, OH)",
        "url": "https://www.rottentomatoes.com/source-3916"
      }
    },
    {
      "@type": "Review",
      "reviewBody": "While Wonder Woman 1984 still has a bit of the old magic, and its leads all turn in terrific performances, the film is hampered by a frequently nonsensical plot, extraneous showy action sequences, and it's way too heavy-handed with the moralizing.",
      "url": "https://arstechnica.com/gaming/2020/12/wonder-woman-1984-is-fun-but-doesnt-quite-capture-magic-of-its-predecessor/",
      "dateCreated": "2021-02-11T02:38:41-08:00",
      "author": {
        "@type": "Person",
        "url": "https://www.rottentomatoes.com/critic/jennifer-ouellette",
        "name": "Jennifer Ouellette"
      },
      "reviewRating": {
        "@type": "Rating",
        "bestRating": "1",
        "worstRating": "-1",
        "ratingValue": 1
      },
      "publisher": {
        "@type": "Organization",
        "name": "Ars Technica",
        "url": "https://www.rottentomatoes.com/source-2985"
      }
    },
    {
      "@type": "Review",
      "reviewBody": "I have sorely missed this sort of big budget popcorn flick through this never-ending pandemic and Wonder Woman succeeds in filling that gap, though only by the slimmest of margins. ",
      "url": "http://madaboutmoviespodcast.com/episodes/2020/12/29/wonder-woman-1984",
      "dateCreated": "2021-02-10T06:48:34-08:00",
      "author": {
        "@type": "Person",
        "url": "https://www.rottentomatoes.com/critic/brian-gill",
        "name": "Brian Gill"
      },
      "reviewRating": {
        "@type": "Rating",
        "bestRating": "1",
        "worstRating": "-1",
        "ratingValue": 1
      },
      "publisher": {
        "@type": "Organization",
        "name": "Mad About Movies Podcast",
        "url": "https://www.rottentomatoes.com/source-3256"
      }
    },
    {
      "@type": "Review",
      "reviewBody": "...a joyless dud, a bucket of sludge when we're crying out for a glass of water...",
      "url": "https://film-authority.com/2021/01/11/wonder-woman-1984/",
      "dateCreated": "2021-02-07T19:57:42-08:00",
      "author": {
        "@type": "Person",
        "url": "https://www.rottentomatoes.com/critic/eddie-harrison",
        "name": "Eddie Harrison"
      },
      "reviewRating": {
        "@type": "Rating",
        "bestRating": "1",
        "worstRating": "-1",
        "ratingValue": -1
      },
      "publisher": {
        "@type": "Organization",
        "name": "film-authority.com",
        "url": "https://www.rottentomatoes.com/source-3904"
      }
    },
    {
      "@type": "Review",
      "reviewBody": "I'm not usually a fan of the \"multiple villain\" thing, but I thought it was handled pretty well here.",
      "url": "https://kickseat.com/podcast/ep623-when-you-wish-upon-a-sequel-wonder-woman-1984",
      "dateCreated": "2021-02-05T19:46:31-08:00",
      "author": {
        "@type": "Person",
        "url": "https://www.rottentomatoes.com/critic/ian-simmons",
        "name": "Ian Simmons"
      },
      "reviewRating": {
        "@type": "Rating",
        "bestRating": "1",
        "worstRating": "-1",
        "ratingValue": 1
      },
      "publisher": {
        "@type": "Organization",
        "name": "Kicking the Seat",
        "url": "https://www.rottentomatoes.com/source-3892"
      }
    },
    {
      "@type": "Review",
      "reviewBody": "WW84 is a near perfect superhero film that outshines the original with its infectious sense of joy and optimism and nuanced deconstruction of the power of truth and how that can be a tool of good or evil. ",
      "url": "http://www.phawker.com/2020/12/23/cinema-waiting-for-gadot/",
      "dateCreated": "2021-02-05T01:55:00-08:00",
      "author": {
        "@type": "Person",
        "url": "https://www.rottentomatoes.com/critic/dan-tabor",
        "name": "Dan Tabor"
      },
      "reviewRating": {
        "@type": "Rating",
        "bestRating": "1",
        "worstRating": "-1",
        "ratingValue": 1
      },
      "publisher": {
        "@type": "Organization",
        "name": "Phawker",
        "url": "https://www.rottentomatoes.com/source-3631"
      }
    },
    {
      "@type": "Review",
      "reviewBody": "\"Wonder Woman\" (2017) was one of the best superhero movies ever made. It was idealistic, classy, aesthetically pleasing, and romantic, and should've kicked off a fabulous franchise. Unfortunately the sequel is a major letdown.",
      "url": "https://www.theepochtimes.com/film-review-wonder-woman-1984-a-sequel-less-wonderful_3667828.html",
      "dateCreated": "2021-02-02T10:00:09-08:00",
      "author": {
        "@type": "Person",
        "url": "https://www.rottentomatoes.com/critic/mark-jackson",
        "name": "Mark Jackson"
      },
      "reviewRating": {
        "@type": "Rating",
        "bestRating": "1",
        "worstRating": "-1",
        "ratingValue": -1
      },
      "publisher": {
        "@type": "Organization",
        "name": "Epoch Times",
        "url": "https://www.rottentomatoes.com/source-2771"
      }
    },
    {
      "@type": "Review",
      "reviewBody": "One wonders how many more films will confirm the cast-iron law that every new Hollywood movie is really about Donald Trump?",
      "url": "https://www.johnmcdonald.net.au/2021/wonder-woman-1984/",
      "dateCreated": "2021-01-31T18:14:33-08:00",
      "author": {
        "@type": "Person",
        "url": "https://www.rottentomatoes.com/critic/john-mcdonald",
        "name": "John McDonald"
      },
      "reviewRating": {
        "@type": "Rating",
        "bestRating": "1",
        "worstRating": "-1",
        "ratingValue": -1
      },
      "publisher": {
        "@type": "Organization",
        "name": "Australian Financial Review",
        "url": "https://www.rottentomatoes.com/source-3199"
      }
    }
  ],
  "image": "https://resizing.flixster.com/sr2SNIPoCFaMLQt-XaLIL5wiREA=/740x380/v1.bjsyNTUxODM4O2o7MTg4ODQ7MTIwMDs0MTIyOzIzMTI",
  "actors": [
    {
      "@type": "Person",
      "name": "Gal Gadot",
      "sameAs": "https://www.rottentomatoes.com/celebrity/gal-gadot",
      "image": "https://resizing.flixster.com/dLV_qSUTi18Sb6W9904IUCOm8i8=/633x704/v1.cjs0Mjc1NjtwOzE4ODEwOzEyMDA7NjMzOzcwNA"
    },
    {
      "@type": "Person",
      "name": "Kristen Wiig",
      "sameAs": "https://www.rottentomatoes.com/celebrity/kristen_wiig",
      "image": "https://resizing.flixster.com/i99pcM4wMZMqPEVkLFp2GB17UXc=/2000x2083/v1.cjs0OTMxNjtqOzE4ODEwOzEyMDA7MjAwMDsyMDgz"
    },
    {
      "@type": "Person",
      "name": "Chris Pine",
      "sameAs": "https://www.rottentomatoes.com/celebrity/christopher_pine",
      "image": "https://resizing.flixster.com/kXDRe1jUWEU8UFkdf8JhRPMUG8s=/660x990/v1.bjs3NTYxMDQ7ajsxODgxODsxMjAwOzY2MDs5OTA"
    },
    {
      "@type": "Person",
      "name": "Robin Wright",
      "sameAs": "https://www.rottentomatoes.com/celebrity/robin_wright",
      "image": "https://resizing.flixster.com/s5rTePWBzCqGE8uYUIYqS52D6JU=/1000x1500/v1.bjs3NDQ4MjY7ajsxODgxODsxMjAwOzEwMDA7MTUwMA"
    },
    {
      "@type": "Person",
      "name": "Connie Nielsen",
      "sameAs": "https://www.rottentomatoes.com/celebrity/connie_nielsen",
      "image": "https://resizing.flixster.com/9KfyO3m2pAvZAVHAEY2rGGM2PJA=/2938x3500/v1.cjs1MDM1NztqOzE4ODEwOzEyMDA7MjkzODszNTAw"
    },
    {
      "@type": "Person",
      "name": "Pedro Pascal",
      "sameAs": "https://www.rottentomatoes.com/celebrity/pedro_pascal",
      "image": "https://resizing.flixster.com/Y4GD2HB5QLiRYLWxPU8iRb9o8-Q=/220x196/v1.cjs0NDAwMDtqOzE4ODEwOzEyMDA7MjIwOzE5Ng"
    }
  ],
  "character": [
    "Diana Prince / Wonder Woman",
    "Barbara Minerva / Cheetah",
    "Steve Trevor",
    "Antiope",
    "Hippolyta",
    null
  ],
  "director": [
    {
      "@type": "Person",
      "name": "Patty Jenkins",
      "sameAs": "https://www.rottentomatoes.com/celebrity/patty_jenkins"
    }
  ],
  "author": [
    {
      "@type": "Person",
      "name": "Patty Jenkins",
      "sameAs": "https://www.rottentomatoes.com/celebrity/patty_jenkins"
    }
  ],
  "genre": [
    "Action & Adventure",
    "Science Fiction & Fantasy"
  ]
}
