{
  "@context": "https://schema.org",
  "@type": "Movie",
  "url": "/title/tt7126948/",
  "name": "Wonder Woman 1984",
  "image": "https://m.media-amazon.com/images/M/MV5BYTlhNzJjYzYtNGU3My00ZDI5LTgzZDUtYzllYjU1ZmU0YTgwXkEyXkFqcGdeQXVyMjQwMDg0Ng@@._V1_.jpg",
  "contentRating": "12",
  "genre": [
    "Action",
    "Adventure",
    "Fantasy"
  ],
  "actor": [
    {
      "@type": "Person",
      "url": "/name/nm2933757/",
      "name": "Gal Gadot"
    },
    {
      "@type": "Person",
      "url": "/name/nm1517976/",
      "name": "Chris Pine"
    },
    {
      "@type": "Person",
      "url": "/name/nm1325419/",
      "name": "Kristen Wiig"
    }
  ],
  "director": [
    {
      "@type": "Person",
      "url": "/name/nm0420941/",
      "name": "Patty Jenkins"
    }
  ],
  "creator": [
    {
      "@type": "Organization",
      "url": "/company/co0028338/"
    },
    {
      "@type": "Organization",
      "url": "/company/co0038332/"
    },
    {
      "@type": "Organization",
      "url": "/company/co0283444/"
    },
    {
      "@type": "Person",
      "url": "/name/nm0420941/",
      "name": "Patty Jenkins"
    },
    {
      "@type": "Person",
      "url": "/name/nm0424315/",
      "name": "Geoff Johns"
    },
    {
      "@type": "Person",
      "url": "/name/nm1709264/",
      "name": "Dave Callaham"
    }
  ],
  "trailer": {
    "@type": "VideoObject",
    "name": "Stream on HBO Max for a Limited Time",
    "embedUrl": "/video/imdb/vi3240214809",
    "thumbnail": {
      "@type": "ImageObject",
      "contentUrl": "https://m.media-amazon.com/images/M/MV5BZjQ0NGM2NGMtMDE1Yi00YzQyLWI1ZWYtMmQ2OWEzZTA5YjEyXkEyXkFqcGdeQWRvb2xpbmhk._V1_.jpg"
    },
    "thumbnailUrl": "https://m.media-amazon.com/images/M/MV5BZjQ0NGM2NGMtMDE1Yi00YzQyLWI1ZWYtMmQ2OWEzZTA5YjEyXkEyXkFqcGdeQWRvb2xpbmhk._V1_.jpg",
    "description": "Fast forward to the 1980s as Wonder Woman’s next big screen adventure finds her facing two all-new foes: Max Lord and The Cheetah.  "
  },
  "datePublished": "2020-12-18",
  "description": "Diana must contend with a work colleague and businessman, whose desire for extreme wealth sends the world down a path of destruction, after an ancient artifact that grants wishes goes missing.",
  "keywords": "sequel,superhero,dc extended universe,princess,dc comics",
  "review": {
    "@type": "Review",
    "itemReviewed": {
      "@type": "CreativeWork",
      "url": "/title/tt7126948/"
    },
    "author": {
      "@type": "Person",
      "name": "IMDb-insider"
    },
    "dateCreated": "2021-05-19",
    "inLanguage": "English",
    "name": "IMHO",
    "reviewBody": "Gal Gadot Jenkins and the Warner studio executive have no place in the film business. They really do not express much that is either new or entertaining. The weakness shines here where the bad acting bounces off the bad story which bounces off the bad direction. And who decided that this may go ahead and be released to the public?",
    "reviewRating": {
      "@type": "Rating",
      "worstRating": 1,
      "bestRating": 10,
      "ratingValue": 3
    }
  },
  "aggregateRating": {
    "@type": "AggregateRating",
    "ratingCount": 209658,
    "bestRating": 10,
    "worstRating": 1,
    "ratingValue": 5.4
  },
  "duration": "PT2H31M"
}
